<?xml version="1.0"?>
<opencv_storage>
<my_boost_tree type_id="opencv-ml-boost-tree">
  <boosting_type>RealAdaboost</boosting_type>
  <splitting_criteria>Gini</splitting_criteria>
  <ntrees>8</ntrees>
  <weight_trimming_rate>1.</weight_trimming_rate>
  <is_classifier>1</is_classifier>
  <var_all>5</var_all>
  <var_count>5</var_count>
  <ord_var_count>5</ord_var_count>
  <cat_var_count>0</cat_var_count>
  <training_params>
    <use_surrogates>1</use_surrogates>
    <max_categories>10</max_categories>
    <max_depth>1</max_depth>
    <min_sample_count>10</min_sample_count>
    <cross_validation_folds>0</cross_validation_folds>
    <priors type_id="opencv-matrix">
      <rows>1</rows>
      <cols>2</cols>
      <dt>d</dt>
      <data>
        1. 1.</data></priors></training_params>
  <var_type>
    0 0 0 0 0</var_type>
  <cat_count type_id="opencv-matrix">
    <rows>1</rows>
    <cols>1</cols>
    <dt>i</dt>
    <data>
      2</data></cat_count>
  <cat_map type_id="opencv-matrix">
    <rows>1</rows>
    <cols>2</cols>
    <dt>i</dt>
    <data>
      0 1</data></cat_map>
  <trees>
    <_>
      <best_tree_idx>-1</best_tree_idx>
      <nodes>
        <_>
          <depth>0</depth>
          <sample_count>13742</sample_count>
          <value>-3.4996121115028628e-01</value>
          <norm_class_idx>0</norm_class_idx>
          <Tn>0</Tn>
          <complexity>0</complexity>
          <alpha>0.</alpha>
          <node_risk>0.</node_risk>
          <tree_risk>0.</tree_risk>
          <tree_error>0.</tree_error>
          <splits>
            <_><var>3</var>
              <quality>8.1384074687957764e-01</quality>
              <le>2.6896899938583374e-01</le></_>
            <_><var>0</var>
              <quality>6.3048672676086426e-01</quality>
              <le>4.8271942138671875e+00</le></_>
            <_><var>1</var>
              <quality>6.0573160648345947e-01</quality>
              <le>5.1310325622558594e+01</le></_>
            <_><var>4</var>
              <quality>5.7096773386001587e-01</quality>
              <le>-8.1056297302246094e+01</le></_>
            <_><var>2</var>
              <quality>5.4325139522552490e-01</quality>
              <gt>8.4180389404296875e+01</gt></_></splits></_>
        <_>
          <depth>1</depth>
          <sample_count>4595</sample_count>
          <value>8.2122210445115917e-01</value>
          <norm_class_idx>1</norm_class_idx>
          <Tn>0</Tn>
          <complexity>0</complexity>
          <alpha>0.</alpha>
          <node_risk>0.</node_risk>
          <tree_risk>0.</tree_risk>
          <tree_error>0.</tree_error></_>
        <_>
          <depth>1</depth>
          <sample_count>9147</sample_count>
          <value>-1.2375585520651051e+00</value>
          <norm_class_idx>0</norm_class_idx>
          <Tn>0</Tn>
          <complexity>0</complexity>
          <alpha>0.</alpha>
          <node_risk>0.</node_risk>
          <tree_risk>0.</tree_risk>
          <tree_error>0.</tree_error></_></nodes></_>
    <_>
      <best_tree_idx>-1</best_tree_idx>
      <nodes>
        <_>
          <depth>0</depth>
          <sample_count>13742</sample_count>
          <value>-8.7541085491701255e-14</value>
          <norm_class_idx>0</norm_class_idx>
          <Tn>0</Tn>
          <complexity>0</complexity>
          <alpha>0.</alpha>
          <node_risk>0.</node_risk>
          <tree_risk>0.</tree_risk>
          <tree_error>0.</tree_error>
          <splits>
            <_><var>3</var>
              <quality>5.6421571969985962e-01</quality>
              <le>4.4678801298141479e-01</le></_>
            <_><var>0</var>
              <quality>4.8376041650772095e-01</quality>
              <le>4.8769154548645020e+00</le></_>
            <_><var>1</var>
              <quality>4.1536611318588257e-01</quality>
              <le>6.7982666015625000e+01</le></_></splits></_>
        <_>
          <depth>1</depth>
          <sample_count>7524</sample_count>
          <value>2.2018396262765086e-01</value>
          <norm_class_idx>1</norm_class_idx>
          <Tn>0</Tn>
          <complexity>0</complexity>
          <alpha>0.</alpha>
          <node_risk>0.</node_risk>
          <tree_risk>0.</tree_risk>
          <tree_error>0.</tree_error></_>
        <_>
          <depth>1</depth>
          <sample_count>6218</sample_count>
          <value>-6.8179810058125312e-01</value>
          <norm_class_idx>0</norm_class_idx>
          <Tn>0</Tn>
          <complexity>0</complexity>
          <alpha>0.</alpha>
          <node_risk>0.</node_risk>
          <tree_risk>0.</tree_risk>
          <tree_error>0.</tree_error></_></nodes></_>
    <_>
      <best_tree_idx>-1</best_tree_idx>
      <nodes>
        <_>
          <depth>0</depth>
          <sample_count>13742</sample_count>
          <value>-8.5931262105994500e-14</value>
          <norm_class_idx>0</norm_class_idx>
          <Tn>0</Tn>
          <complexity>0</complexity>
          <alpha>0.</alpha>
          <node_risk>0.</node_risk>
          <tree_risk>0.</tree_risk>
          <tree_error>0.</tree_error>
          <splits>
            <_><var>1</var>
              <quality>5.3051340579986572e-01</quality>
              <le>5.2501190185546875e+01</le></_>
            <_><var>3</var>
              <quality>4.3602612614631653e-01</quality>
              <le>1.9903955459594727e+00</le></_>
            <_><var>0</var>
              <quality>4.3602010607719421e-01</quality>
              <gt>4.7881083488464355e+00</gt></_></splits></_>
        <_>
          <depth>1</depth>
          <sample_count>12388</sample_count>
          <value>-1.1553187149549091e-01</value>
          <norm_class_idx>0</norm_class_idx>
          <Tn>0</Tn>
          <complexity>0</complexity>
          <alpha>0.</alpha>
          <node_risk>0.</node_risk>
          <tree_risk>0.</tree_risk>
          <tree_error>0.</tree_error></_>
        <_>
          <depth>1</depth>
          <sample_count>1354</sample_count>
          <value>5.9094249253021403e-01</value>
          <norm_class_idx>1</norm_class_idx>
          <Tn>0</Tn>
          <complexity>0</complexity>
          <alpha>0.</alpha>
          <node_risk>0.</node_risk>
          <tree_risk>0.</tree_risk>
          <tree_error>0.</tree_error></_></nodes></_>
    <_>
      <best_tree_idx>-1</best_tree_idx>
      <nodes>
        <_>
          <depth>0</depth>
          <sample_count>13742</sample_count>
          <value>1.1501910535115299e-13</value>
          <norm_class_idx>1</norm_class_idx>
          <Tn>0</Tn>
          <complexity>0</complexity>
          <alpha>0.</alpha>
          <node_risk>0.</node_risk>
          <tree_risk>0.</tree_risk>
          <tree_error>0.</tree_error>
          <splits>
            <_><var>0</var>
              <quality>5.1499629020690918e-01</quality>
              <le>4.9115505218505859e+00</le></_>
            <_><var>3</var>
              <quality>5.0523805618286133e-01</quality>
              <le>1.3488855361938477e+00</le></_></splits></_>
        <_>
          <depth>1</depth>
          <sample_count>12129</sample_count>
          <value>3.0001637601155703e-02</value>
          <norm_class_idx>1</norm_class_idx>
          <Tn>0</Tn>
          <complexity>0</complexity>
          <alpha>0.</alpha>
          <node_risk>0.</node_risk>
          <tree_risk>0.</tree_risk>
          <tree_error>0.</tree_error></_>
        <_>
          <depth>1</depth>
          <sample_count>1613</sample_count>
          <value>-5.7564577324601141e+00</value>
          <norm_class_idx>0</norm_class_idx>
          <Tn>0</Tn>
          <complexity>0</complexity>
          <alpha>0.</alpha>
          <node_risk>0.</node_risk>
          <tree_risk>0.</tree_risk>
          <tree_error>0.</tree_error></_></nodes></_>
    <_>
      <best_tree_idx>-1</best_tree_idx>
      <nodes>
        <_>
          <depth>0</depth>
          <sample_count>13742</sample_count>
          <value>-9.4879213393001834e-05</value>
          <norm_class_idx>0</norm_class_idx>
          <Tn>0</Tn>
          <complexity>0</complexity>
          <alpha>0.</alpha>
          <node_risk>0.</node_risk>
          <tree_risk>0.</tree_risk>
          <tree_error>0.</tree_error>
          <splits>
            <_><var>3</var>
              <quality>5.1834022998809814e-01</quality>
              <le>2.6942402124404907e-01</le></_>
            <_><var>0</var>
              <quality>3.4970670938491821e-01</quality>
              <le>4.8563728332519531e+00</le></_>
            <_><var>1</var>
              <quality>3.3281615376472473e-01</quality>
              <le>5.1310775756835938e+01</le></_>
            <_><var>4</var>
              <quality>3.0763161182403564e-01</quality>
              <gt>2.9336479187011719e+01</gt></_>
            <_><var>2</var>
              <quality>2.9139888286590576e-01</quality>
              <gt>1.3915081977844238e+01</gt></_></splits></_>
        <_>
          <depth>1</depth>
          <sample_count>4607</sample_count>
          <value>-2.0002578035880658e-01</value>
          <norm_class_idx>0</norm_class_idx>
          <Tn>0</Tn>
          <complexity>0</complexity>
          <alpha>0.</alpha>
          <node_risk>0.</node_risk>
          <tree_risk>0.</tree_risk>
          <tree_error>0.</tree_error></_>
        <_>
          <depth>1</depth>
          <sample_count>9135</sample_count>
          <value>1.8799644876049168e-01</value>
          <norm_class_idx>1</norm_class_idx>
          <Tn>0</Tn>
          <complexity>0</complexity>
          <alpha>0.</alpha>
          <node_risk>0.</node_risk>
          <tree_risk>0.</tree_risk>
          <tree_error>0.</tree_error></_></nodes></_>
    <_>
      <best_tree_idx>-1</best_tree_idx>
      <nodes>
        <_>
          <depth>0</depth>
          <sample_count>13742</sample_count>
          <value>6.8833827526759232e-15</value>
          <norm_class_idx>1</norm_class_idx>
          <Tn>0</Tn>
          <complexity>0</complexity>
          <alpha>0.</alpha>
          <node_risk>0.</node_risk>
          <tree_risk>0.</tree_risk>
          <tree_error>0.</tree_error>
          <splits>
            <_><var>3</var>
              <quality>5.2777779102325439e-01</quality>
              <le>1.6772949695587158e-01</le></_>
            <_><var>4</var>
              <quality>4.2550539970397949e-01</quality>
              <le>-1.2352312469482422e+02</le></_>
            <_><var>0</var>
              <quality>4.2283904552459717e-01</quality>
              <le>4.7994461059570312e+00</le></_>
            <_><var>1</var>
              <quality>4.2076736688613892e-01</quality>
              <le>5.1309120178222656e+01</le></_>
            <_><var>2</var>
              <quality>4.2034855484962463e-01</quality>
              <gt>8.8982833862304688e+01</gt></_></splits></_>
        <_>
          <depth>1</depth>
          <sample_count>2493</sample_count>
          <value>5.0379943087958445e-01</value>
          <norm_class_idx>1</norm_class_idx>
          <Tn>0</Tn>
          <complexity>0</complexity>
          <alpha>0.</alpha>
          <node_risk>0.</node_risk>
          <tree_risk>0.</tree_risk>
          <tree_error>0.</tree_error></_>
        <_>
          <depth>1</depth>
          <sample_count>11249</sample_count>
          <value>-1.2002182991944428e-01</value>
          <norm_class_idx>0</norm_class_idx>
          <Tn>0</Tn>
          <complexity>0</complexity>
          <alpha>0.</alpha>
          <node_risk>0.</node_risk>
          <tree_risk>0.</tree_risk>
          <tree_error>0.</tree_error></_></nodes></_>
    <_>
      <best_tree_idx>-1</best_tree_idx>
      <nodes>
        <_>
          <depth>0</depth>
          <sample_count>13742</sample_count>
          <value>-5.1070259132759807e-14</value>
          <norm_class_idx>0</norm_class_idx>
          <Tn>0</Tn>
          <complexity>0</complexity>
          <alpha>0.</alpha>
          <node_risk>0.</node_risk>
          <tree_risk>0.</tree_risk>
          <tree_error>0.</tree_error>
          <splits>
            <_><var>0</var>
              <quality>5.1599204540252686e-01</quality>
              <le>4.8129186630249023e+00</le></_>
            <_><var>1</var>
              <quality>4.7363734245300293e-01</quality>
              <le>5.1309593200683594e+01</le></_>
            <_><var>4</var>
              <quality>4.5024868845939636e-01</quality>
              <le>-1.7971588134765625e+02</le></_></splits></_>
        <_>
          <depth>1</depth>
          <sample_count>1666</sample_count>
          <value>5.0742535142671086e-01</value>
          <norm_class_idx>1</norm_class_idx>
          <Tn>0</Tn>
          <complexity>0</complexity>
          <alpha>0.</alpha>
          <node_risk>0.</node_risk>
          <tree_risk>0.</tree_risk>
          <tree_error>0.</tree_error></_>
        <_>
          <depth>1</depth>
          <sample_count>12076</sample_count>
          <value>-6.8458109307553264e-02</value>
          <norm_class_idx>0</norm_class_idx>
          <Tn>0</Tn>
          <complexity>0</complexity>
          <alpha>0.</alpha>
          <node_risk>0.</node_risk>
          <tree_risk>0.</tree_risk>
          <tree_error>0.</tree_error></_></nodes></_>
    <_>
      <best_tree_idx>-1</best_tree_idx>
      <nodes>
        <_>
          <depth>0</depth>
          <sample_count>13742</sample_count>
          <value>5.7287508070654796e-14</value>
          <norm_class_idx>1</norm_class_idx>
          <Tn>0</Tn>
          <complexity>0</complexity>
          <alpha>0.</alpha>
          <node_risk>0.</node_risk>
          <tree_risk>0.</tree_risk>
          <tree_error>0.</tree_error>
          <splits>
            <_><var>3</var>
              <quality>5.1395839452743530e-01</quality>
              <le>2.6942402124404907e-01</le></_>
            <_><var>0</var>
              <quality>3.3984518051147461e-01</quality>
              <le>4.8550052642822266e+00</le></_>
            <_><var>1</var>
              <quality>3.3009058237075806e-01</quality>
              <le>5.1310775756835938e+01</le></_>
            <_><var>4</var>
              <quality>3.1501579284667969e-01</quality>
              <gt>3.8047645568847656e+01</gt></_>
            <_><var>2</var>
              <quality>2.9489052295684814e-01</quality>
              <gt>1.7192701339721680e+01</gt></_></splits></_>
        <_>
          <depth>1</depth>
          <sample_count>4607</sample_count>
          <value>-1.8527778761464211e-01</value>
          <norm_class_idx>0</norm_class_idx>
          <Tn>0</Tn>
          <complexity>0</complexity>
          <alpha>0.</alpha>
          <node_risk>0.</node_risk>
          <tree_risk>0.</tree_risk>
          <tree_error>0.</tree_error></_>
        <_>
          <depth>1</depth>
          <sample_count>9135</sample_count>
          <value>1.5359176338509797e-01</value>
          <norm_class_idx>1</norm_class_idx>
          <Tn>0</Tn>
          <complexity>0</complexity>
          <alpha>0.</alpha>
          <node_risk>0.</node_risk>
          <tree_risk>0.</tree_risk>
          <tree_error>0.</tree_error></_></nodes></_></trees></my_boost_tree>
</opencv_storage>
