<?xml version="1.0"?>
<opencv_storage>
<my_random_trees type_id="opencv-ml-random-trees">
  <nclasses>2</nclasses>
  <nsamples>13742</nsamples>
  <nactive_vars>2</nactive_vars>
  <oob_error>9.4506792675723567e-02</oob_error>
  <ntrees>1</ntrees>
  <is_classifier>1</is_classifier>
  <var_all>5</var_all>
  <var_count>5</var_count>
  <ord_var_count>5</ord_var_count>
  <cat_var_count>0</cat_var_count>
  <training_params>
    <use_surrogates>0</use_surrogates>
    <max_categories>10</max_categories>
    <max_depth>5</max_depth>
    <min_sample_count>10</min_sample_count>
    <cross_validation_folds>0</cross_validation_folds>
    <priors type_id="opencv-matrix">
      <rows>1</rows>
      <cols>2</cols>
      <dt>d</dt>
      <data>
        1. 1.</data></priors></training_params>
  <var_type>
    0 0 0 0 0</var_type>
  <cat_count type_id="opencv-matrix">
    <rows>1</rows>
    <cols>1</cols>
    <dt>i</dt>
    <data>
      2</data></cat_count>
  <cat_map type_id="opencv-matrix">
    <rows>1</rows>
    <cols>2</cols>
    <dt>i</dt>
    <data>
      0 1</data></cat_map>
  <trees>
    <_>
      <best_tree_idx>-1</best_tree_idx>
      <nodes>
        <_>
          <depth>0</depth>
          <sample_count>13742</sample_count>
          <value>0.</value>
          <norm_class_idx>0</norm_class_idx>
          <Tn>0</Tn>
          <complexity>0</complexity>
          <alpha>0.</alpha>
          <node_risk>4508.</node_risk>
          <tree_risk>0.</tree_risk>
          <tree_error>0.</tree_error>
          <splits>
            <_><var>3</var>
              <quality>1.1222459960937500e+04</quality>
              <le>2.6896101236343384e-01</le></_></splits></_>
        <_>
          <depth>1</depth>
          <sample_count>4543</sample_count>
          <value>1.</value>
          <norm_class_idx>1</norm_class_idx>
          <Tn>0</Tn>
          <complexity>0</complexity>
          <alpha>0.</alpha>
          <node_risk>733.</node_risk>
          <tree_risk>0.</tree_risk>
          <tree_error>0.</tree_error>
          <splits>
            <_><var>3</var>
              <quality>3.4268395996093750e+03</quality>
              <le>2.0285099744796753e-01</le></_></splits></_>
        <_>
          <depth>2</depth>
          <sample_count>3134</sample_count>
          <value>1.</value>
          <norm_class_idx>1</norm_class_idx>
          <Tn>0</Tn>
          <complexity>0</complexity>
          <alpha>0.</alpha>
          <node_risk>271.</node_risk>
          <tree_risk>0.</tree_risk>
          <tree_error>0.</tree_error>
          <splits>
            <_><var>1</var>
              <quality>2.6690234375000000e+03</quality>
              <le>5.1310508728027344e+01</le></_></splits></_>
        <_>
          <depth>3</depth>
          <sample_count>1714</sample_count>
          <value>1.</value>
          <norm_class_idx>1</norm_class_idx>
          <Tn>0</Tn>
          <complexity>0</complexity>
          <alpha>0.</alpha>
          <node_risk>40.</node_risk>
          <tree_risk>0.</tree_risk>
          <tree_error>0.</tree_error>
          <splits>
            <_><var>0</var>
              <quality>1.6383074951171875e+03</quality>
              <le>4.8325052261352539e+00</le></_></splits></_>
        <_>
          <depth>4</depth>
          <sample_count>1254</sample_count>
          <value>1.</value>
          <norm_class_idx>1</norm_class_idx>
          <Tn>0</Tn>
          <complexity>0</complexity>
          <alpha>0.</alpha>
          <node_risk>9.</node_risk>
          <tree_risk>0.</tree_risk>
          <tree_error>0.</tree_error>
          <splits>
            <_><var>0</var>
              <quality>1.2363109130859375e+03</quality>
              <le>4.8196740150451660e+00</le></_></splits></_>
        <_>
          <depth>5</depth>
          <sample_count>733</sample_count>
          <value>1.</value>
          <norm_class_idx>1</norm_class_idx>
          <Tn>0</Tn>
          <complexity>0</complexity>
          <alpha>0.</alpha>
          <node_risk>0.</node_risk>
          <tree_risk>0.</tree_risk>
          <tree_error>0.</tree_error></_>
        <_>
          <depth>5</depth>
          <sample_count>521</sample_count>
          <value>1.</value>
          <norm_class_idx>1</norm_class_idx>
          <Tn>0</Tn>
          <complexity>0</complexity>
          <alpha>0.</alpha>
          <node_risk>9.</node_risk>
          <tree_risk>0.</tree_risk>
          <tree_error>0.</tree_error></_>
        <_>
          <depth>4</depth>
          <sample_count>460</sample_count>
          <value>1.</value>
          <norm_class_idx>1</norm_class_idx>
          <Tn>0</Tn>
          <complexity>0</complexity>
          <alpha>0.</alpha>
          <node_risk>31.</node_risk>
          <tree_risk>0.</tree_risk>
          <tree_error>0.</tree_error>
          <splits>
            <_><var>4</var>
              <quality>4.1115866088867188e+02</quality>
              <le>1.6073937988281250e+02</le></_></splits></_>
        <_>
          <depth>5</depth>
          <sample_count>431</sample_count>
          <value>1.</value>
          <norm_class_idx>1</norm_class_idx>
          <Tn>0</Tn>
          <complexity>0</complexity>
          <alpha>0.</alpha>
          <node_risk>18.</node_risk>
          <tree_risk>0.</tree_risk>
          <tree_error>0.</tree_error></_>
        <_>
          <depth>5</depth>
          <sample_count>29</sample_count>
          <value>1.</value>
          <norm_class_idx>1</norm_class_idx>
          <Tn>0</Tn>
          <complexity>0</complexity>
          <alpha>0.</alpha>
          <node_risk>13.</node_risk>
          <tree_risk>0.</tree_risk>
          <tree_error>0.</tree_error></_>
        <_>
          <depth>3</depth>
          <sample_count>1420</sample_count>
          <value>1.</value>
          <norm_class_idx>1</norm_class_idx>
          <Tn>0</Tn>
          <complexity>0</complexity>
          <alpha>0.</alpha>
          <node_risk>231.</node_risk>
          <tree_risk>0.</tree_risk>
          <tree_error>0.</tree_error>
          <splits>
            <_><var>4</var>
              <quality>1.0463319091796875e+03</quality>
              <le>1.0214050292968750e+02</le></_></splits></_>
        <_>
          <depth>4</depth>
          <sample_count>1294</sample_count>
          <value>1.</value>
          <norm_class_idx>1</norm_class_idx>
          <Tn>0</Tn>
          <complexity>0</complexity>
          <alpha>0.</alpha>
          <node_risk>183.</node_risk>
          <tree_risk>0.</tree_risk>
          <tree_error>0.</tree_error>
          <splits>
            <_><var>0</var>
              <quality>1.0001883544921875e+03</quality>
              <le>4.8130283355712891e+00</le></_></splits></_>
        <_>
          <depth>5</depth>
          <sample_count>451</sample_count>
          <value>1.</value>
          <norm_class_idx>1</norm_class_idx>
          <Tn>0</Tn>
          <complexity>0</complexity>
          <alpha>0.</alpha>
          <node_risk>9.</node_risk>
          <tree_risk>0.</tree_risk>
          <tree_error>0.</tree_error></_>
        <_>
          <depth>5</depth>
          <sample_count>843</sample_count>
          <value>1.</value>
          <norm_class_idx>1</norm_class_idx>
          <Tn>0</Tn>
          <complexity>0</complexity>
          <alpha>0.</alpha>
          <node_risk>174.</node_risk>
          <tree_risk>0.</tree_risk>
          <tree_error>0.</tree_error></_>
        <_>
          <depth>4</depth>
          <sample_count>126</sample_count>
          <value>1.</value>
          <norm_class_idx>1</norm_class_idx>
          <Tn>0</Tn>
          <complexity>0</complexity>
          <alpha>0.</alpha>
          <node_risk>48.</node_risk>
          <tree_risk>0.</tree_risk>
          <tree_error>0.</tree_error>
          <splits>
            <_><var>3</var>
              <quality>8.3719627380371094e+01</quality>
              <le>1.7787650227546692e-01</le></_></splits></_>
        <_>
          <depth>5</depth>
          <sample_count>107</sample_count>
          <value>1.</value>
          <norm_class_idx>1</norm_class_idx>
          <Tn>0</Tn>
          <complexity>0</complexity>
          <alpha>0.</alpha>
          <node_risk>29.</node_risk>
          <tree_risk>0.</tree_risk>
          <tree_error>0.</tree_error></_>
        <_>
          <depth>5</depth>
          <sample_count>19</sample_count>
          <value>0.</value>
          <norm_class_idx>0</norm_class_idx>
          <Tn>0</Tn>
          <complexity>0</complexity>
          <alpha>0.</alpha>
          <node_risk>0.</node_risk>
          <tree_risk>0.</tree_risk>
          <tree_error>0.</tree_error></_>
        <_>
          <depth>2</depth>
          <sample_count>1409</sample_count>
          <value>1.</value>
          <norm_class_idx>1</norm_class_idx>
          <Tn>0</Tn>
          <complexity>0</complexity>
          <alpha>0.</alpha>
          <node_risk>462.</node_risk>
          <tree_risk>0.</tree_risk>
          <tree_error>0.</tree_error>
          <splits>
            <_><var>0</var>
              <quality>8.6844738769531250e+02</quality>
              <le>4.8130578994750977e+00</le></_></splits></_>
        <_>
          <depth>3</depth>
          <sample_count>478</sample_count>
          <value>1.</value>
          <norm_class_idx>1</norm_class_idx>
          <Tn>0</Tn>
          <complexity>0</complexity>
          <alpha>0.</alpha>
          <node_risk>44.</node_risk>
          <tree_risk>0.</tree_risk>
          <tree_error>0.</tree_error>
          <splits>
            <_><var>2</var>
              <quality>4.0296118164062500e+02</quality>
              <le>2.5799299240112305e+01</le></_></splits></_>
        <_>
          <depth>4</depth>
          <sample_count>411</sample_count>
          <value>1.</value>
          <norm_class_idx>1</norm_class_idx>
          <Tn>0</Tn>
          <complexity>0</complexity>
          <alpha>0.</alpha>
          <node_risk>26.</node_risk>
          <tree_risk>0.</tree_risk>
          <tree_error>0.</tree_error>
          <splits>
            <_><var>0</var>
              <quality>3.6491476440429688e+02</quality>
              <le>4.8063192367553711e+00</le></_></splits></_>
        <_>
          <depth>5</depth>
          <sample_count>215</sample_count>
          <value>1.</value>
          <norm_class_idx>1</norm_class_idx>
          <Tn>0</Tn>
          <complexity>0</complexity>
          <alpha>0.</alpha>
          <node_risk>2.</node_risk>
          <tree_risk>0.</tree_risk>
          <tree_error>0.</tree_error></_>
        <_>
          <depth>5</depth>
          <sample_count>196</sample_count>
          <value>1.</value>
          <norm_class_idx>1</norm_class_idx>
          <Tn>0</Tn>
          <complexity>0</complexity>
          <alpha>0.</alpha>
          <node_risk>24.</node_risk>
          <tree_risk>0.</tree_risk>
          <tree_error>0.</tree_error></_>
        <_>
          <depth>4</depth>
          <sample_count>67</sample_count>
          <value>1.</value>
          <norm_class_idx>1</norm_class_idx>
          <Tn>0</Tn>
          <complexity>0</complexity>
          <alpha>0.</alpha>
          <node_risk>18.</node_risk>
          <tree_risk>0.</tree_risk>
          <tree_error>0.</tree_error>
          <splits>
            <_><var>0</var>
              <quality>4.5480285644531250e+01</quality>
              <le>4.8048124313354492e+00</le></_></splits></_>
        <_>
          <depth>5</depth>
          <sample_count>31</sample_count>
          <value>1.</value>
          <norm_class_idx>1</norm_class_idx>
          <Tn>0</Tn>
          <complexity>0</complexity>
          <alpha>0.</alpha>
          <node_risk>2.</node_risk>
          <tree_risk>0.</tree_risk>
          <tree_error>0.</tree_error></_>
        <_>
          <depth>5</depth>
          <sample_count>36</sample_count>
          <value>1.</value>
          <norm_class_idx>1</norm_class_idx>
          <Tn>0</Tn>
          <complexity>0</complexity>
          <alpha>0.</alpha>
          <node_risk>16.</node_risk>
          <tree_risk>0.</tree_risk>
          <tree_error>0.</tree_error></_>
        <_>
          <depth>3</depth>
          <sample_count>931</sample_count>
          <value>1.</value>
          <norm_class_idx>1</norm_class_idx>
          <Tn>0</Tn>
          <complexity>0</complexity>
          <alpha>0.</alpha>
          <node_risk>418.</node_risk>
          <tree_risk>0.</tree_risk>
          <tree_error>0.</tree_error>
          <splits>
            <_><var>4</var>
              <quality>5.0904367065429688e+02</quality>
              <le>8.9713012695312500e+01</le></_></splits></_>
        <_>
          <depth>4</depth>
          <sample_count>838</sample_count>
          <value>1.</value>
          <norm_class_idx>1</norm_class_idx>
          <Tn>0</Tn>
          <complexity>0</complexity>
          <alpha>0.</alpha>
          <node_risk>336.</node_risk>
          <tree_risk>0.</tree_risk>
          <tree_error>0.</tree_error>
          <splits>
            <_><var>4</var>
              <quality>4.5303512573242188e+02</quality>
              <le>-1.1312242126464844e+02</le></_></splits></_>
        <_>
          <depth>5</depth>
          <sample_count>46</sample_count>
          <value>0.</value>
          <norm_class_idx>0</norm_class_idx>
          <Tn>0</Tn>
          <complexity>0</complexity>
          <alpha>0.</alpha>
          <node_risk>8.</node_risk>
          <tree_risk>0.</tree_risk>
          <tree_error>0.</tree_error></_>
        <_>
          <depth>5</depth>
          <sample_count>792</sample_count>
          <value>1.</value>
          <norm_class_idx>1</norm_class_idx>
          <Tn>0</Tn>
          <complexity>0</complexity>
          <alpha>0.</alpha>
          <node_risk>298.</node_risk>
          <tree_risk>0.</tree_risk>
          <tree_error>0.</tree_error></_>
        <_>
          <depth>4</depth>
          <sample_count>93</sample_count>
          <value>0.</value>
          <norm_class_idx>0</norm_class_idx>
          <Tn>0</Tn>
          <complexity>0</complexity>
          <alpha>0.</alpha>
          <node_risk>11.</node_risk>
          <tree_risk>0.</tree_risk>
          <tree_error>0.</tree_error>
          <splits>
            <_><var>0</var>
              <quality>8.0101119995117188e+01</quality>
              <le>4.8463540077209473e+00</le></_></splits></_>
        <_>
          <depth>5</depth>
          <sample_count>89</sample_count>
          <value>0.</value>
          <norm_class_idx>0</norm_class_idx>
          <Tn>0</Tn>
          <complexity>0</complexity>
          <alpha>0.</alpha>
          <node_risk>7.</node_risk>
          <tree_risk>0.</tree_risk>
          <tree_error>0.</tree_error></_>
        <_>
          <depth>5</depth>
          <sample_count>4</sample_count>
          <value>1.</value>
          <norm_class_idx>1</norm_class_idx>
          <Tn>0</Tn>
          <complexity>0</complexity>
          <alpha>0.</alpha>
          <node_risk>0.</node_risk>
          <tree_risk>0.</tree_risk>
          <tree_error>0.</tree_error></_>
        <_>
          <depth>1</depth>
          <sample_count>9199</sample_count>
          <value>0.</value>
          <norm_class_idx>0</norm_class_idx>
          <Tn>0</Tn>
          <complexity>0</complexity>
          <alpha>0.</alpha>
          <node_risk>698.</node_risk>
          <tree_risk>0.</tree_risk>
          <tree_error>0.</tree_error>
          <splits>
            <_><var>1</var>
              <quality>8.0053896484375000e+03</quality>
              <le>5.3346881866455078e+01</le></_></splits></_>
        <_>
          <depth>2</depth>
          <sample_count>8368</sample_count>
          <value>0.</value>
          <norm_class_idx>0</norm_class_idx>
          <Tn>0</Tn>
          <complexity>0</complexity>
          <alpha>0.</alpha>
          <node_risk>444.</node_risk>
          <tree_risk>0.</tree_risk>
          <tree_error>0.</tree_error>
          <splits>
            <_><var>2</var>
              <quality>7.5432744140625000e+03</quality>
              <le>8.5248321533203125e+01</le></_></splits></_>
        <_>
          <depth>3</depth>
          <sample_count>8359</sample_count>
          <value>0.</value>
          <norm_class_idx>0</norm_class_idx>
          <Tn>0</Tn>
          <complexity>0</complexity>
          <alpha>0.</alpha>
          <node_risk>435.</node_risk>
          <tree_risk>0.</tree_risk>
          <tree_error>0.</tree_error>
          <splits>
            <_><var>0</var>
              <quality>7.5496494140625000e+03</quality>
              <le>4.8912591934204102e+00</le></_></splits></_>
        <_>
          <depth>4</depth>
          <sample_count>5465</sample_count>
          <value>0.</value>
          <norm_class_idx>0</norm_class_idx>
          <Tn>0</Tn>
          <complexity>0</complexity>
          <alpha>0.</alpha>
          <node_risk>405.</node_risk>
          <tree_risk>0.</tree_risk>
          <tree_error>0.</tree_error>
          <splits>
            <_><var>4</var>
              <quality>4.7246450195312500e+03</quality>
              <le>1.6187898635864258e+01</le></_></splits></_>
        <_>
          <depth>5</depth>
          <sample_count>4422</sample_count>
          <value>0.</value>
          <norm_class_idx>0</norm_class_idx>
          <Tn>0</Tn>
          <complexity>0</complexity>
          <alpha>0.</alpha>
          <node_risk>264.</node_risk>
          <tree_risk>0.</tree_risk>
          <tree_error>0.</tree_error></_>
        <_>
          <depth>5</depth>
          <sample_count>1043</sample_count>
          <value>0.</value>
          <norm_class_idx>0</norm_class_idx>
          <Tn>0</Tn>
          <complexity>0</complexity>
          <alpha>0.</alpha>
          <node_risk>141.</node_risk>
          <tree_risk>0.</tree_risk>
          <tree_error>0.</tree_error></_>
        <_>
          <depth>4</depth>
          <sample_count>2894</sample_count>
          <value>0.</value>
          <norm_class_idx>0</norm_class_idx>
          <Tn>0</Tn>
          <complexity>0</complexity>
          <alpha>0.</alpha>
          <node_risk>30.</node_risk>
          <tree_risk>0.</tree_risk>
          <tree_error>0.</tree_error>
          <splits>
            <_><var>3</var>
              <quality>2.8366242675781250e+03</quality>
              <le>5.0169450044631958e-01</le></_></splits></_>
        <_>
          <depth>5</depth>
          <sample_count>140</sample_count>
          <value>0.</value>
          <norm_class_idx>0</norm_class_idx>
          <Tn>0</Tn>
          <complexity>0</complexity>
          <alpha>0.</alpha>
          <node_risk>13.</node_risk>
          <tree_risk>0.</tree_risk>
          <tree_error>0.</tree_error></_>
        <_>
          <depth>5</depth>
          <sample_count>2754</sample_count>
          <value>0.</value>
          <norm_class_idx>0</norm_class_idx>
          <Tn>0</Tn>
          <complexity>0</complexity>
          <alpha>0.</alpha>
          <node_risk>17.</node_risk>
          <tree_risk>0.</tree_risk>
          <tree_error>0.</tree_error></_>
        <_>
          <depth>3</depth>
          <sample_count>9</sample_count>
          <value>1.</value>
          <norm_class_idx>1</norm_class_idx>
          <Tn>0</Tn>
          <complexity>0</complexity>
          <alpha>0.</alpha>
          <node_risk>0.</node_risk>
          <tree_risk>0.</tree_risk>
          <tree_error>0.</tree_error></_>
        <_>
          <depth>2</depth>
          <sample_count>831</sample_count>
          <value>0.</value>
          <norm_class_idx>0</norm_class_idx>
          <Tn>0</Tn>
          <complexity>0</complexity>
          <alpha>0.</alpha>
          <node_risk>254.</node_risk>
          <tree_risk>0.</tree_risk>
          <tree_error>0.</tree_error>
          <splits>
            <_><var>3</var>
              <quality>5.4097460937500000e+02</quality>
              <le>3.9271348714828491e-01</le></_></splits></_>
        <_>
          <depth>3</depth>
          <sample_count>348</sample_count>
          <value>1.</value>
          <norm_class_idx>1</norm_class_idx>
          <Tn>0</Tn>
          <complexity>0</complexity>
          <alpha>0.</alpha>
          <node_risk>162.</node_risk>
          <tree_risk>0.</tree_risk>
          <tree_error>0.</tree_error>
          <splits>
            <_><var>2</var>
              <quality>1.9307899475097656e+02</quality>
              <le>-1.6774059295654297e+01</le></_></splits></_>
        <_>
          <depth>4</depth>
          <sample_count>68</sample_count>
          <value>0.</value>
          <norm_class_idx>0</norm_class_idx>
          <Tn>0</Tn>
          <complexity>0</complexity>
          <alpha>0.</alpha>
          <node_risk>14.</node_risk>
          <tree_risk>0.</tree_risk>
          <tree_error>0.</tree_error>
          <splits>
            <_><var>4</var>
              <quality>4.8744186401367188e+01</quality>
              <le>-3.3624031066894531e+01</le></_></splits></_>
        <_>
          <depth>5</depth>
          <sample_count>43</sample_count>
          <value>0.</value>
          <norm_class_idx>0</norm_class_idx>
          <Tn>0</Tn>
          <complexity>0</complexity>
          <alpha>0.</alpha>
          <node_risk>4.</node_risk>
          <tree_risk>0.</tree_risk>
          <tree_error>0.</tree_error></_>
        <_>
          <depth>5</depth>
          <sample_count>25</sample_count>
          <value>0.</value>
          <norm_class_idx>0</norm_class_idx>
          <Tn>0</Tn>
          <complexity>0</complexity>
          <alpha>0.</alpha>
          <node_risk>10.</node_risk>
          <tree_risk>0.</tree_risk>
          <tree_error>0.</tree_error></_>
        <_>
          <depth>4</depth>
          <sample_count>280</sample_count>
          <value>1.</value>
          <norm_class_idx>1</norm_class_idx>
          <Tn>0</Tn>
          <complexity>0</complexity>
          <alpha>0.</alpha>
          <node_risk>108.</node_risk>
          <tree_risk>0.</tree_risk>
          <tree_error>0.</tree_error>
          <splits>
            <_><var>4</var>
              <quality>1.7111431884765625e+02</quality>
              <le>1.5674579620361328e+01</le></_></splits></_>
        <_>
          <depth>5</depth>
          <sample_count>208</sample_count>
          <value>1.</value>
          <norm_class_idx>1</norm_class_idx>
          <Tn>0</Tn>
          <complexity>0</complexity>
          <alpha>0.</alpha>
          <node_risk>55.</node_risk>
          <tree_risk>0.</tree_risk>
          <tree_error>0.</tree_error></_>
        <_>
          <depth>5</depth>
          <sample_count>72</sample_count>
          <value>0.</value>
          <norm_class_idx>0</norm_class_idx>
          <Tn>0</Tn>
          <complexity>0</complexity>
          <alpha>0.</alpha>
          <node_risk>19.</node_risk>
          <tree_risk>0.</tree_risk>
          <tree_error>0.</tree_error></_>
        <_>
          <depth>3</depth>
          <sample_count>483</sample_count>
          <value>0.</value>
          <norm_class_idx>0</norm_class_idx>
          <Tn>0</Tn>
          <complexity>0</complexity>
          <alpha>0.</alpha>
          <node_risk>68.</node_risk>
          <tree_risk>0.</tree_risk>
          <tree_error>0.</tree_error>
          <splits>
            <_><var>1</var>
              <quality>3.7016656494140625e+02</quality>
              <le>5.7382083892822266e+01</le></_></splits></_>
        <_>
          <depth>4</depth>
          <sample_count>118</sample_count>
          <value>0.</value>
          <norm_class_idx>0</norm_class_idx>
          <Tn>0</Tn>
          <complexity>0</complexity>
          <alpha>0.</alpha>
          <node_risk>30.</node_risk>
          <tree_risk>0.</tree_risk>
          <tree_error>0.</tree_error>
          <splits>
            <_><var>0</var>
              <quality>8.5077606201171875e+01</quality>
              <le>4.8685464859008789e+00</le></_></splits></_>
        <_>
          <depth>5</depth>
          <sample_count>77</sample_count>
          <value>0.</value>
          <norm_class_idx>0</norm_class_idx>
          <Tn>0</Tn>
          <complexity>0</complexity>
          <alpha>0.</alpha>
          <node_risk>7.</node_risk>
          <tree_risk>0.</tree_risk>
          <tree_error>0.</tree_error></_>
        <_>
          <depth>5</depth>
          <sample_count>41</sample_count>
          <value>1.</value>
          <norm_class_idx>1</norm_class_idx>
          <Tn>0</Tn>
          <complexity>0</complexity>
          <alpha>0.</alpha>
          <node_risk>18.</node_risk>
          <tree_risk>0.</tree_risk>
          <tree_error>0.</tree_error></_>
        <_>
          <depth>4</depth>
          <sample_count>365</sample_count>
          <value>0.</value>
          <norm_class_idx>0</norm_class_idx>
          <Tn>0</Tn>
          <complexity>0</complexity>
          <alpha>0.</alpha>
          <node_risk>38.</node_risk>
          <tree_risk>0.</tree_risk>
          <tree_error>0.</tree_error>
          <splits>
            <_><var>4</var>
              <quality>2.9866726684570312e+02</quality>
              <le>2.5950479507446289e+00</le></_></splits></_>
        <_>
          <depth>5</depth>
          <sample_count>246</sample_count>
          <value>0.</value>
          <norm_class_idx>0</norm_class_idx>
          <Tn>0</Tn>
          <complexity>0</complexity>
          <alpha>0.</alpha>
          <node_risk>34.</node_risk>
          <tree_risk>0.</tree_risk>
          <tree_error>0.</tree_error></_>
        <_>
          <depth>5</depth>
          <sample_count>119</sample_count>
          <value>0.</value>
          <norm_class_idx>0</norm_class_idx>
          <Tn>0</Tn>
          <complexity>0</complexity>
          <alpha>0.</alpha>
          <node_risk>4.</node_risk>
          <tree_risk>0.</tree_risk>
          <tree_error>0.</tree_error></_></nodes></_></trees></my_random_trees>
</opencv_storage>
